time_scraping,otodom_id,price,title,surface_area,num_of_room,floor,form_of_property,finish_condition,balcony_garden_terrace,parking_space,heating,ad_link,map_link
2024-06-06 01:31:51,2-pokojowe-mieszkanie-35m2-loggia-bezposrednio-ID4qHcz,Zapytaj o cenę,2-pokojowe mieszkanie 35m2 + loggia Bezpośrednio,"35,41 m²",,3/8,pełna własność,do wykończenia,,garaż/miejsce parkingowe,,https://www.otodom.pl/pl/oferta/2-pokojowe-mieszkanie-35m2-loggia-bezposrednio-ID4qHcz,"https://www.google.com/maps/@52.172792,20.9941018,12z/data=!10m1!1e1!12b1?source=apiv3&rapsrc=apiv3"
2024-06-06 01:31:56,bezposr-2pok-metro-wilanowska-cena-do-negocjacji-ID4qUMJ,970 000 zł,Bezpośr. 2pok. Metro Wilanowska CENA DO NEGOCJACJI,"48,55 m²",,7/15,pełna własność,do zamieszkania,,garaż/miejsce parkingowe,miejskie,https://www.otodom.pl/pl/oferta/bezposr-2pok-metro-wilanowska-cena-do-negocjacji-ID4qUMJ,"https://www.google.com/maps/@52.1823249,21.0258847,16z/data=!10m1!1e1!12b1?source=apiv3&rapsrc=apiv3"
2024-06-06 01:32:01,2-pokoje-ul-lindego-metro-wawrzyszew-ID4qUHs,629 000 zł,"2 pokoje, ul. Lindego, Metro Wawrzyszew","36,5 m²",,parter/10,pełna własność,do zamieszkania,,,miejskie,https://www.otodom.pl/pl/oferta/2-pokoje-ul-lindego-metro-wawrzyszew-ID4qUHs,"https://www.google.com/maps/@52.2869133,20.9409327,14z/data=!10m1!1e1!12b1?source=apiv3&rapsrc=apiv3"
2024-06-06 01:32:08,piekne-ciche-100m-w-kamienicy-powisle-metro-80m-ID4qM88,2 480 000 zł,"Piękne, ciche 100m w kamienicy. Powiśle metro 80m.","99,69 m²",,3/4,spółdzielcze wł. prawo do lokalu,do zamieszkania,,,miejskie,https://www.otodom.pl/pl/oferta/piekne-ciche-100m-w-kamienicy-powisle-metro-80m-ID4qM88,"https://www.google.com/maps/@52.23805,21.02935,14z/data=!10m1!1e1!12b1?source=apiv3&rapsrc=apiv3"
2024-06-06 01:32:12,niski-czynsz-ip-winda-ID4qWEi,560 000 zł,Niski Czynsz // Ip. // Winda,50 m²,,1/5,,,,garaż/miejsce parkingowe,,https://www.otodom.pl/pl/oferta/niski-czynsz-ip-winda-ID4qWEi,"https://www.google.com/maps/@52.4465078,20.6925219,15z/data=!10m1!1e1!12b1?source=apiv3&rapsrc=apiv3"
2024-06-06 01:32:17,ursus-3-pokoje-60m2-odbior-w-tym-roku-ID4qWE4,819 000 zł,Ursus - 3 pokoje - 60m2 - odbiór w tym roku,60 m²,,1/7,pełna własność,,,garaż/miejsce parkingowe,miejskie,https://www.otodom.pl/pl/oferta/ursus-3-pokoje-60m2-odbior-w-tym-roku-ID4qWE4,"https://www.google.com/maps/@52.201297,20.88994,15z/data=!10m1!1e1!12b1?source=apiv3&rapsrc=apiv3"
2024-06-06 01:32:22,mokotow-60m2-3-pokoje-szybki-termin-odbioru-ID4qWE3,916 000 zł,Mokotów - 60m2 - 3 Pokoje - Szybki Termin Odbioru,60 m²,,1/7,pełna własność,,,garaż/miejsce parkingowe,miejskie,https://www.otodom.pl/pl/oferta/mokotow-60m2-3-pokoje-szybki-termin-odbioru-ID4qWE3,"https://www.google.com/maps/@52.184745,21.04182,15z/data=!10m1!1e1!12b1?source=apiv3&rapsrc=apiv3"
2024-06-06 01:32:26,dwa-pokoje-48m2-taras-blisko-tramwaju-ID4qWDZ,719 000 zł,Dwa pokoje - 48m2 + taras - blisko tramwaju,48 m²,,3/3,,do zamieszkania,,,,https://www.otodom.pl/pl/oferta/dwa-pokoje-48m2-taras-blisko-tramwaju-ID4qWDZ,"https://www.google.com/maps/@52.340755,20.94534,15z/data=!10m1!1e1!12b1?source=apiv3&rapsrc=apiv3"
2024-06-06 01:32:31,targowek-3-pokoje-metro-tramwaj-autobus-ID4qWDX,863 000 zł,"Targówek - 3 pokoje - metro,tramwaj, autobus",64 m²,,1/7,pełna własność,,,garaż/miejsce parkingowe,miejskie,https://www.otodom.pl/pl/oferta/targowek-3-pokoje-metro-tramwaj-autobus-ID4qWDX,"https://www.google.com/maps/@52.283599,21.02555,15z/data=!10m1!1e1!12b1?source=apiv3&rapsrc=apiv3"
2024-06-06 01:32:35,kawalerka-harmonogram-30-70-miejsce-postojowe-ID4qrMV,499 000 zł,Kawalerka - harmonogram 30/70 - miejsce postojowe,"32,33 m²",,parter,,do wykończenia,,garaż/miejsce parkingowe,miejskie,https://www.otodom.pl/pl/oferta/kawalerka-harmonogram-30-70-miejsce-postojowe-ID4qrMV,"https://www.google.com/maps/@52.2264543,20.8897865,14z/data=!10m1!1e1!12b1?source=apiv3&rapsrc=apiv3"
2024-06-06 01:32:40,perelka-po-generalnym-remoncie-na-muranowie-ID4qWDF,735 000 zł,Perełka po generalnym remoncie na Muranowie !,31 m²,,3/3,pełna własność,,,,miejskie,https://www.otodom.pl/pl/oferta/perelka-po-generalnym-remoncie-na-muranowie-ID4qWDF,"https://www.google.com/maps/@52.243594,20.9908,15z/data=!10m1!1e1!12b1?source=apiv3&rapsrc=apiv3"
2024-06-06 01:32:45,3-pokoje-super-rozklad-metro-rondo-daszynskiego-ID4qHL1,1 150 000 zł,"3 pokoje, super rozkład, Metro Rondo Daszyńskiego","64,5 m²",,1/4,pełna własność,do zamieszkania,,garaż/miejsce parkingowe,miejskie,https://www.otodom.pl/pl/oferta/3-pokoje-super-rozklad-metro-rondo-daszynskiego-ID4qHL1,"https://www.google.com/maps/@52.2284792,20.9747103,14z/data=!10m1!1e1!12b1?source=apiv3&rapsrc=apiv3"
2024-06-06 01:32:49,ul-anielewicza-50m2-dwie-kawalerki-negocjacja-ID4qSzR,890 000 zł,"ul. Anielewicza, 50m2, Dwie Kawalerki, Negocjacja","49,09 m²",,,,,,,,https://www.otodom.pl/pl/oferta/ul-anielewicza-50m2-dwie-kawalerki-negocjacja-ID4qSzR,"https://www.google.com/maps/@52.24714,20.98712,15z/data=!10m1!1e1!12b1?source=apiv3&rapsrc=apiv3"
2024-06-06 01:32:53,sprzedam-3-pokojowe-mieszkanie-ogrod-na-dachu-ID4qrMc,769 000 zł,SPRZEDAM- 3-pokojowe mieszkanie- OGRÓD na dachu,"56,81 m²",,3/3,pełna własność,do zamieszkania,,,kotłownia,https://www.otodom.pl/pl/oferta/sprzedam-3-pokojowe-mieszkanie-ogrod-na-dachu-ID4qrMc,"https://www.google.com/maps/@52.1832375,20.8180282,14z/data=!10m1!1e1!12b1?source=apiv3&rapsrc=apiv3"
2024-06-06 01:32:58,jasne-38-m2-spokojne-i-zielone-osiedle-obrzezna-ID4qAig,847 000 zł,"Jasne 38 m2, spokojne i zielone osiedle, Obrzeżna","38,53 m²",,2/7,pełna własność,do zamieszkania,,garaż/miejsce parkingowe,miejskie,https://www.otodom.pl/pl/oferta/jasne-38-m2-spokojne-i-zielone-osiedle-obrzezna-ID4qAig,"https://www.google.com/maps/@52.1710039,20.996002,14z/data=!10m1!1e1!12b1?source=apiv3&rapsrc=apiv3"
2024-06-06 01:33:03,okazja-3-4-lub-nawet-5-pokojowe-mieszkanie-ID4qWDa,1 400 000 zł,"Okazja! 3-,4-, lub nawet 5-pokojowe mieszkanie",116 m²,,7/11,pełna własność,do zamieszkania,,garaż/miejsce parkingowe,miejskie,https://www.otodom.pl/pl/oferta/okazja-3-4-lub-nawet-5-pokojowe-mieszkanie-ID4qWDa,"https://www.google.com/maps/@52.13633,21.04971,12z/data=!10m1!1e1!12b1?source=apiv3&rapsrc=apiv3"
2024-06-06 01:33:08,okazja-3-4-lub-nawet-5-pokojowe-mieszkanie-ID4qWD9,1 400 000 zł,"Okazja! 3-,4-, lub nawet 5-pokojowe mieszkanie",116 m²,,7/11,pełna własność,do zamieszkania,,garaż/miejsce parkingowe,miejskie,https://www.otodom.pl/pl/oferta/okazja-3-4-lub-nawet-5-pokojowe-mieszkanie-ID4qWD9,"https://www.google.com/maps/@52.13633,21.04971,12z/data=!10m1!1e1!12b1?source=apiv3&rapsrc=apiv3"
2024-06-06 01:33:13,nowa-kawalerka-na-sprzedaz-parking-ID4qWD0,630 000 zł,Nowa Kawalerka na sprzedaż + parking,"27,49 m²",,2/8,,do zamieszkania,,garaż/miejsce parkingowe,,https://www.otodom.pl/pl/oferta/nowa-kawalerka-na-sprzedaz-parking-ID4qWD0,"https://www.google.com/maps/@52.25644,21.05072,15z/data=!10m1!1e1!12b1?source=apiv3&rapsrc=apiv3"
2024-06-06 01:33:17,2-pokojowy-apartament-na-mokotowie-ID4qWCX,949 000 zł,2 pokojowy Apartament na Mokotowie,"44,97 m²",,1/8,pełna własność,do zamieszkania,,,miejskie,https://www.otodom.pl/pl/oferta/2-pokojowy-apartament-na-mokotowie-ID4qWCX,"https://www.google.com/maps/@52.1843537,20.9934994,12z/data=!10m1!1e1!12b1?source=apiv3&rapsrc=apiv3"
2024-06-06 01:33:22,mieszkanie-w-kamienicy-na-powislu-przy-parku-ID4qWCV,1 590 000 zł,Mieszkanie w Kamienicy na Powiślu Przy Parku,"63,12 m²",,3/4,pełna własność,do zamieszkania,,,miejskie,https://www.otodom.pl/pl/oferta/mieszkanie-w-kamienicy-na-powislu-przy-parku-ID4qWCV,"https://www.google.com/maps/@52.2267432,21.0392802,12z/data=!10m1!1e1!12b1?source=apiv3&rapsrc=apiv3"
2024-06-06 01:33:27,6-pokojowy-apartament-na-sadybie-ID4qWCU,3 250 000 zł,6 -pokojowy Apartament na Sadybie,157 m²,,2/5,pełna własność,do zamieszkania,,garaż/miejsce parkingowe,miejskie,https://www.otodom.pl/pl/oferta/6-pokojowy-apartament-na-sadybie-ID4qWCU,"https://www.google.com/maps/@52.1875982,21.0582951,12z/data=!10m1!1e1!12b1?source=apiv3&rapsrc=apiv3"
2024-06-06 01:33:31,mieszkanie-2-poziomowe-4-pokoje-z-ogrodkiem-ID4pMLz,829 000 zł,"Mieszkanie 2 poziomowe, 4 pokoje, z ogródkiem.",92 m²,,1/2,pełna własność,do zamieszkania,,garaż/miejsce parkingowe,gazowe,https://www.otodom.pl/pl/oferta/mieszkanie-2-poziomowe-4-pokoje-z-ogrodkiem-ID4pMLz,"https://www.google.com/maps/@52.3442482,21.1714312,14z/data=!10m1!1e1!12b1?source=apiv3&rapsrc=apiv3"
2024-06-06 01:33:36,centrum-jozefowa-przy-pkp-balkon-cicho-zielono-ID4qOuJ,749 000 zł,"Centrum Józefowa przy PKP, balkon,CICHO,zielono!!",75 m²,,2/2,pełna własność,do zamieszkania,,garaż/miejsce parkingowe,miejskie,https://www.otodom.pl/pl/oferta/centrum-jozefowa-przy-pkp-balkon-cicho-zielono-ID4qOuJ,"https://www.google.com/maps/@52.132022,21.2318379,16z/data=!10m1!1e1!12b1?source=apiv3&rapsrc=apiv3"
2024-06-06 01:33:40,piekne-dwupokojowe-mieszkanie-blisko-okecia-i-wum-ID4qWCa,849 000 zł,Piękne dwupokojowe mieszkanie blisko Okęcia i Wum!,"54,3 m²",,3/3,,do zamieszkania,,garaż/miejsce parkingowe,miejskie,https://www.otodom.pl/pl/oferta/piekne-dwupokojowe-mieszkanie-blisko-okecia-i-wum-ID4qWCa,"https://www.google.com/maps/@52.1831185,20.9769772,15z/data=!10m1!1e1!12b1?source=apiv3&rapsrc=apiv3"
2024-06-06 01:33:45,przytulne-mieszkanie-po-remoncie-generalnym-ID4qM6F,610 000 zł,Przytulne mieszkanie po remoncie generalnym,"36,1 m²",,6/6,pełna własność,do zamieszkania,,,miejskie,https://www.otodom.pl/pl/oferta/przytulne-mieszkanie-po-remoncie-generalnym-ID4qM6F,"https://www.google.com/maps/@52.2418781,21.1243178,14z/data=!10m1!1e1!12b1?source=apiv3&rapsrc=apiv3"
2024-06-06 01:33:50,3-pokojowe-mieszkanie-w-legionowie-ID4qWC1,630 000 zł,3 pokojowe mieszkanie w Legionowie,"60,35 m²",,parter/3,spółdzielcze wł. prawo do lokalu,do zamieszkania,,,miejskie,https://www.otodom.pl/pl/oferta/3-pokojowe-mieszkanie-w-legionowie-ID4qWC1,"https://www.google.com/maps/@52.39003,20.92475,12z/data=!10m1!1e1!12b1?source=apiv3&rapsrc=apiv3"
2024-06-06 01:33:55,3-pokojowe-mieszkanie-w-pruszkowie-prusa-35a-ID4qrLG,897 000 zł,"3 Pokojowe Mieszkanie w Pruszkowie, Prusa 35A",73 m²,,1/5,,do zamieszkania,,garaż/miejsce parkingowe,miejskie,https://www.otodom.pl/pl/oferta/3-pokojowe-mieszkanie-w-pruszkowie-prusa-35a-ID4qrLG,"https://www.google.com/maps/@52.1613057,20.8046675,16z/data=!10m1!1e1!12b1?source=apiv3&rapsrc=apiv3"
2024-06-06 01:33:59,bezposrednio-wysoki-standard-ostatnie-pietro-ID4qlfL,1 790 000 zł,Bezpośrednio / Wysoki Standard / Ostatnie Piętro,"71,63 m²",,5/5,pełna własność,do zamieszkania,,garaż/miejsce parkingowe,miejskie,https://www.otodom.pl/pl/oferta/bezposrednio-wysoki-standard-ostatnie-pietro-ID4qlfL,"https://www.google.com/maps/@52.256687,20.964648,16z/data=!10m1!1e1!12b1?source=apiv3&rapsrc=apiv3"
2024-06-06 01:34:04,mieszkanie-5-pok-121m-z-ogrodkiem-2-parkingi-ID4ozVN,940 000 zł,"Mieszkanie 5 pok. 121m z ogródkiem, 2 parkingi",121 m²,,1/2,pełna własność,do wykończenia,,garaż/miejsce parkingowe,gazowe,https://www.otodom.pl/pl/oferta/mieszkanie-5-pok-121m-z-ogrodkiem-2-parkingi-ID4ozVN,"https://www.google.com/maps/@52.3287247,21.1718237,16z/data=!10m1!1e1!12b1?source=apiv3&rapsrc=apiv3"
2024-06-06 01:34:09,m-66m2-zielone-pluca-warszawy-ID4qlxO,850 000 zł,"M 66m2 ""zielone płuca Warszawy""","66,05 m²",,1/3,pełna własność,do zamieszkania,,garaż/miejsce parkingowe,miejskie,https://www.otodom.pl/pl/oferta/m-66m2-zielone-pluca-warszawy-ID4qlxO,"https://www.google.com/maps/@52.2455729,21.1885127,14z/data=!10m1!1e1!12b1?source=apiv3&rapsrc=apiv3"
2024-06-06 01:34:14,dwupokojowe-mieszkanie-na-brodnie-ID4qlfH,559 000 zł,Dwupokojowe mieszkanie na Bródnie.,"33,8 m²",,4/6,pełna własność,do wykończenia,,garaż/miejsce parkingowe,miejskie,https://www.otodom.pl/pl/oferta/dwupokojowe-mieszkanie-na-brodnie-ID4qlfH,"https://www.google.com/maps/@52.2902294,21.0178627,14z/data=!10m1!1e1!12b1?source=apiv3&rapsrc=apiv3"
2024-06-06 01:34:18,oryginalne-4-5-m-m-52-6m-w-super-lokalizacji-ID4q9x0,990 000 zł,"Oryginalne (4,5 m) M 52,6m w super lokalizacji!","52,6 m²",,4/4,pełna własność,do zamieszkania,,garaż/miejsce parkingowe,gazowe,https://www.otodom.pl/pl/oferta/oryginalne-4-5-m-m-52-6m-w-super-lokalizacji-ID4q9x0,"https://www.google.com/maps/@52.3040703,20.9304152,16z/data=!10m1!1e1!12b1?source=apiv3&rapsrc=apiv3"
2024-06-06 01:34:23,2-pokojowe-mieszkanie-50m2-ogrodek-ID4myiP,556 160 zł,2-pokojowe mieszkanie 50m2 + ogródek,"50,56 m²",,parter/3,pełna własność,do wykończenia,,garaż/miejsce parkingowe,,https://www.otodom.pl/pl/oferta/2-pokojowe-mieszkanie-50m2-ogrodek-ID4myiP,"https://www.google.com/maps/@52.0874604,20.8437038,12z/data=!10m1!1e1!12b1?source=apiv3&rapsrc=apiv3"
2024-06-06 01:34:28,narozne-3-pokojowe-mieszkanie-z-duzym-87m-tarasem-ID4qWBF,1 007 130 zł,Narożne 3 pokojowe mieszkanie z dużym 87m tarasem!,"56,9 m²",,5/6,pełna własność,do wykończenia,,garaż/miejsce parkingowe,miejskie,https://www.otodom.pl/pl/oferta/narozne-3-pokojowe-mieszkanie-z-duzym-87m-tarasem-ID4qWBF,"https://www.google.com/maps/@52.1975313,20.9397861,16z/data=!10m1!1e1!12b1?source=apiv3&rapsrc=apiv3"
2024-06-06 01:34:33,2-pok-mieszkanie-na-woli-przy-ul-j-kazimierza-ID4qwNN,1 092 000 zł,2-pok. mieszkanie na Woli przy ul. J. Kazimierza,"57,1 m²",,2/7,pełna własność,do zamieszkania,,garaż/miejsce parkingowe,miejskie,https://www.otodom.pl/pl/oferta/2-pok-mieszkanie-na-woli-przy-ul-j-kazimierza-ID4qwNN,"https://www.google.com/maps/@52.2232,20.938849,16z/data=!10m1!1e1!12b1?source=apiv3&rapsrc=apiv3"
2024-06-06 01:34:37,rakowiec-2-pok-balkon-warto-ID4qAc4,690 000 zł,Rakowiec 2 Pok Balkon Warto !,"45,7 m²",,3/7,pełna własność,do remontu,,,miejskie,https://www.otodom.pl/pl/oferta/rakowiec-2-pok-balkon-warto-ID4qAc4,"https://www.google.com/maps/@52.206737,20.97436,15z/data=!10m1!1e1!12b1?source=apiv3&rapsrc=apiv3"
2024-06-06 01:34:42,3-pokoje-kolej-miejska-zielona-okolica-ID4qNBy,906 000 zł,3-Pokoje | Kolej miejska | Zielona okolica,"59,3 m²",,1/3,pełna własność,do zamieszkania,,garaż/miejsce parkingowe,miejskie,https://www.otodom.pl/pl/oferta/3-pokoje-kolej-miejska-zielona-okolica-ID4qNBy,"https://www.google.com/maps/@52.2066464,20.8687963,12z/data=!10m1!1e1!12b1?source=apiv3&rapsrc=apiv3"
2024-06-06 01:34:47,3-pokoje-69m2-bez-prwizji-bez-pcc-marki-ID4qWB9,827 400 zł,3 Pokoje| 69M2| Bez Prwizji| Bez Pcc| Marki,"68,95 m²",,2/4,pełna własność,,,garaż/miejsce parkingowe,,https://www.otodom.pl/pl/oferta/3-pokoje-69m2-bez-prwizji-bez-pcc-marki-ID4qWB9,"https://www.google.com/maps/@52.30703,21.10435,15z/data=!10m1!1e1!12b1?source=apiv3&rapsrc=apiv3"
2024-06-06 01:34:51,waraszaw-rembertow-piekne-3pok-poddasze101m2-ID4oSH1,1 450 000 zł,Waraszaw-Rembertów/Piękne 3pok.+poddasze=101m2,"101,36 m²",,1/2,pełna własność,do zamieszkania,,garaż/miejsce parkingowe,gazowe,https://www.otodom.pl/pl/oferta/waraszaw-rembertow-piekne-3pok-poddasze101m2-ID4oSH1,"https://www.google.com/maps/@52.2715718,21.1587277,15z/data=!10m1!1e1!12b1?source=apiv3&rapsrc=apiv3"
2024-06-06 01:35:01,bezposrednio-bdb-lokalizacja-gotowe-garaz-ID4qHid,1 349 000 zł,BEZPOŚREDNIO- bdb.lokalizacja-- GOTOWE - garaż,"68,5 m²",,5/6,pełna własność,do wykończenia,,garaż/miejsce parkingowe,miejskie,https://www.otodom.pl/pl/oferta/bezposrednio-bdb-lokalizacja-gotowe-garaz-ID4qHid,"https://www.google.com/maps/@52.2216226,20.9310384,14z/data=!10m1!1e1!12b1?source=apiv3&rapsrc=apiv3"
2024-06-06 01:35:06,1-pokojowe-mieszkanie-31m2-balkon-bez-prowizji-ID4qGUx,Zapytaj o cenę,1-pokojowe mieszkanie 31m2 + balkon Bez Prowizji,"31,22 m²",,3/10,pełna własność,do wykończenia,,garaż/miejsce parkingowe,,https://www.otodom.pl/pl/oferta/1-pokojowe-mieszkanie-31m2-balkon-bez-prowizji-ID4qGUx,"https://www.google.com/maps/@52.1802699,20.9794708,12z/data=!10m1!1e1!12b1?source=apiv3&rapsrc=apiv3"
2024-06-06 01:35:10,bemowo-nowe-gotowe-do-wprowadzenia-obok-metro-ID4qRC7,899 000 zł,Bemowo NOWE gotowe do wprowadzenia obok metro,"43,91 m²",,parter/4,pełna własność,do zamieszkania,,garaż/miejsce parkingowe,miejskie,https://www.otodom.pl/pl/oferta/bemowo-nowe-gotowe-do-wprowadzenia-obok-metro-ID4qRC7,"https://www.google.com/maps/@52.2201448,20.8963096,14z/data=!10m1!1e1!12b1?source=apiv3&rapsrc=apiv3"
2024-06-06 01:35:15,praga-grochowska-mieszkanie-3pok-65m2-kamienica-ID4oSNN,1 100 000 zł,Praga/Grochowska/mieszkanie 3pok/65m2/Kamienica,"65,3 m²",,4/4,pełna własność,do zamieszkania,,,gazowe,https://www.otodom.pl/pl/oferta/praga-grochowska-mieszkanie-3pok-65m2-kamienica-ID4oSNN,"https://www.google.com/maps/@52.2449097,21.0887778,15z/data=!10m1!1e1!12b1?source=apiv3&rapsrc=apiv3"
2024-06-06 01:35:20,duza-przytulna-kawalwerka-48m2-garaz-sadyba-ID4pxak,759 000 zł,Duża Przytulna kawalwerka 48m2/Garaż/Sadyba,"48,3 m²",,2/3,pełna własność,do zamieszkania,,garaż/miejsce parkingowe,gazowe,https://www.otodom.pl/pl/oferta/duza-przytulna-kawalwerka-48m2-garaz-sadyba-ID4pxak,"https://www.google.com/maps/@52.1904879,21.0400645,15z/data=!10m1!1e1!12b1?source=apiv3&rapsrc=apiv3"
2024-06-06 01:35:25,apartament-wilanow-zawady-3-pok-74-57-mkw-ID4qM5E,1 340 000 zł,Apartament Wilanów Zawady - 3 pok. 74.57 mkw,"74,57 m²",,1/2,pełna własność,do wykończenia,,garaż/miejsce parkingowe,,https://www.otodom.pl/pl/oferta/apartament-wilanow-zawady-3-pok-74-57-mkw-ID4qM5E,"https://www.google.com/maps/@52.1616086,21.1246899,16z/data=!10m1!1e1!12b1?source=apiv3&rapsrc=apiv3"
2024-06-06 01:35:30,ii-etap-budowy-oddanie-do-uzytkowania-xii-2025r-ID4qWAz,990 000 zł,"II etap budowy, oddanie do użytkowania XII 2025r.",126 m²,,parter/1,pełna własność,do wykończenia,,garaż/miejsce parkingowe,inne,https://www.otodom.pl/pl/oferta/ii-etap-budowy-oddanie-do-uzytkowania-xii-2025r-ID4qWAz,"https://www.google.com/maps/@52.1339835,20.929634,16z/data=!10m1!1e1!12b1?source=apiv3&rapsrc=apiv3"
2024-06-06 01:35:34,wyjatkowe-jasne-przestronne-mieszkanie-z-balkonem-ID4qWAr,1 348 000 zł,Wyjątkowe jasne przestronne mieszkanie z balkonem,"111,74 m²",,1/4,pełna własność,do zamieszkania,,garaż/miejsce parkingowe,miejskie,https://www.otodom.pl/pl/oferta/wyjatkowe-jasne-przestronne-mieszkanie-z-balkonem-ID4qWAr,"https://www.google.com/maps/@52.1557377,20.7871675,14z/data=!10m1!1e1!12b1?source=apiv3&rapsrc=apiv3"
2024-06-06 01:35:39,mokotow-stegny-56-m2-cicho-zielono-ID4qR8l,758 700 zł,Mokotów Stegny 56 m2 cicho zielono,"56,2 m²",,10/11,,do remontu,,,miejskie,https://www.otodom.pl/pl/oferta/mokotow-stegny-56-m2-cicho-zielono-ID4qR8l,"https://www.google.com/maps/@52.1748861,21.0535933,15z/data=!10m1!1e1!12b1?source=apiv3&rapsrc=apiv3"
2024-06-06 01:35:43,kup-i-zarabiaj-gotowy-lokal-w-pelni-wyposazony-ID4qWAh,450 000 zł,"Kup i zarabiaj! Gotowy lokal, w pełni wyposażony.",18 m²,,4/27,pełna własność,do zamieszkania,,,miejskie,https://www.otodom.pl/pl/oferta/kup-i-zarabiaj-gotowy-lokal-w-pelni-wyposazony-ID4qWAh,"https://www.google.com/maps/@52.2279436,20.9586224,16z/data=!10m1!1e1!12b1?source=apiv3&rapsrc=apiv3"
2024-06-06 01:35:48,67-120-m2-na-placu-konstytucji-ID4qWAd,1 750 000 zł,67/120 m2 na Placu Konstytucji,120 m²,,6/6,,do zamieszkania,,garaż/miejsce parkingowe,miejskie,https://www.otodom.pl/pl/oferta/67-120-m2-na-placu-konstytucji-ID4qWAd,"https://www.google.com/maps/@52.221825,21.0159215,15z/data=!10m1!1e1!12b1?source=apiv3&rapsrc=apiv3"
2024-06-06 01:35:52,przytulne-i-sloneczne-mieszkanie-2-pokoje-kuchnia-ID4qWA8,949 900 zł,"Przytulne i słoneczne mieszkanie 2 pokoje, kuchnia","45,42 m²",,4/4,pełna własność,do zamieszkania,,,,https://www.otodom.pl/pl/oferta/przytulne-i-sloneczne-mieszkanie-2-pokoje-kuchnia-ID4qWA8,"https://www.google.com/maps/@52.2180609,20.9728347,14z/data=!10m1!1e1!12b1?source=apiv3&rapsrc=apiv3"
2024-06-06 01:35:57,studio-z-duzym-balkonem-piekny-widok-z-11-pietra-ID4q1h8,499 000 zł,STUDIO z dużym balkonem | Piękny widok z 11 piętra,"18,1 m²",,> 10/27,pełna własność,do zamieszkania,,,miejskie,https://www.otodom.pl/pl/oferta/studio-z-duzym-balkonem-piekny-widok-z-11-pietra-ID4q1h8,"https://www.google.com/maps/@52.2271373,20.955678,14z/data=!10m1!1e1!12b1?source=apiv3&rapsrc=apiv3"
2024-06-06 01:36:02,bezposrednio-sprzedam-mieszkanie-62-56-mkw-kabaty-ID4pRz8,1 050 000 zł,"BEZPOŚREDNIO sprzedam mieszkanie 62,56 mkw KABATY","62,56 m²",,1/5,pełna własność,do zamieszkania,,garaż/miejsce parkingowe,miejskie,https://www.otodom.pl/pl/oferta/bezposrednio-sprzedam-mieszkanie-62-56-mkw-kabaty-ID4pRz8,"https://www.google.com/maps/@52.1377396,21.0643906,14z/data=!10m1!1e1!12b1?source=apiv3&rapsrc=apiv3"
2024-06-06 01:36:07,duze-2-pokoje-z-balkonem-przy-ul-ryzowej-garaz-ID4q6As,799 000 zł,Duże 2 pokoje z balkonem przy ul. Ryżowej | garaż,"53,1 m²",,3/6,pełna własność,do zamieszkania,,garaż/miejsce parkingowe,miejskie,https://www.otodom.pl/pl/oferta/duze-2-pokoje-z-balkonem-przy-ul-ryzowej-garaz-ID4q6As,"https://www.google.com/maps/@52.1909108,20.9064922,14z/data=!10m1!1e1!12b1?source=apiv3&rapsrc=apiv3"
2024-06-06 01:36:12,kawalerka-z-widokiem-na-zielen-metro-slodowiec-ID4qWzK,439 000 zł,Kawalerka z widokiem na zieleń - Metro Słodowiec,"25,1 m²",,6/10,,do remontu,,,miejskie,https://www.otodom.pl/pl/oferta/kawalerka-z-widokiem-na-zielen-metro-slodowiec-ID4qWzK,"https://www.google.com/maps/@52.2817,20.95894,15z/data=!10m1!1e1!12b1?source=apiv3&rapsrc=apiv3"
2024-06-06 01:36:16,apartament-3-pokojowy-z-pieknym-balkonem-ID4qL4C,1 300 000 zł,Apartament 3 pokojowy z pięknym balkonem,71 m²,,1/3,pełna własność,do zamieszkania,,,miejskie,https://www.otodom.pl/pl/oferta/apartament-3-pokojowy-z-pieknym-balkonem-ID4qL4C,"https://www.google.com/maps/@52.2413608,20.8937387,15z/data=!10m1!1e1!12b1?source=apiv3&rapsrc=apiv3"
2024-06-06 01:36:21,bezposrednio-ID4onAP,967 500 zł,BEZPOŚREDNIO!,45 m²,,parter/2,pełna własność,do zamieszkania,,garaż/miejsce parkingowe,gazowe,https://www.otodom.pl/pl/oferta/bezposrednio-ID4onAP,"https://www.google.com/maps/@52.1616086,21.1246899,16z/data=!10m1!1e1!12b1?source=apiv3&rapsrc=apiv3"
2024-06-06 01:36:26,zielono-cicho-luksusowo-na-ostoi-wilanow-ID4qh2w,1 599 000 zł,"Zielono, Cicho, Luksusowo Na Ostoi Wilanów","73,3 m²",,3/4,pełna własność,do zamieszkania,,garaż/miejsce parkingowe,gazowe,https://www.otodom.pl/pl/oferta/zielono-cicho-luksusowo-na-ostoi-wilanow-ID4qh2w,"https://www.google.com/maps/@52.161109,21.067019,15z/data=!10m1!1e1!12b1?source=apiv3&rapsrc=apiv3"
2024-06-06 01:36:30,niesamowite-miejsce-dla-ciebie-19-dzielnica-ID4qPCo,1 150 000 zł,Niesamowite miejsce dla Ciebie 19. Dzielnica,34 m²,,9/9,pełna własność,do zamieszkania,,garaż/miejsce parkingowe,miejskie,https://www.otodom.pl/pl/oferta/niesamowite-miejsce-dla-ciebie-19-dzielnica-ID4qPCo,"https://www.google.com/maps/@52.2251283,20.9782803,15z/data=!10m1!1e1!12b1?source=apiv3&rapsrc=apiv3"
2024-06-06 01:36:35,mieszkanie-z-faktura-vat-ID4qUF2,1 299 000 zł,Mieszkanie Z Fakturą Vat,62 m²,,3/4,,do zamieszkania,,garaż/miejsce parkingowe,,https://www.otodom.pl/pl/oferta/mieszkanie-z-faktura-vat-ID4qUF2,"https://www.google.com/maps/@52.15613,21.11163,12z/data=!10m1!1e1!12b1?source=apiv3&rapsrc=apiv3"
2024-06-06 01:36:40,mieszkanie-60-30-m-piastow-ID4qWzy,690 000 zł,"Mieszkanie, 60,30 m², Piastów","60,3 m²",,1/4,,do remontu,,,miejskie,https://www.otodom.pl/pl/oferta/mieszkanie-60-30-m-piastow-ID4qWzy,"https://www.google.com/maps/@52.1876138,20.840414,15z/data=!10m1!1e1!12b1?source=apiv3&rapsrc=apiv3"
2024-06-06 01:36:45,bezposrednio-38m2-2-pokoje-mieszkanie-50m-metro-ID4qCSe,569 000 zł,"Bezpośrednio, 38m2 2 pokoje mieszkanie, 50m Metro",38 m²,,10,spółdzielcze wł. prawo do lokalu,do wykończenia,,garaż/miejsce parkingowe,miejskie,https://www.otodom.pl/pl/oferta/bezposrednio-38m2-2-pokoje-mieszkanie-50m-metro-ID4qCSe,"https://www.google.com/maps/@52.2938341,21.031681,14z/data=!10m1!1e1!12b1?source=apiv3&rapsrc=apiv3"
2024-06-06 01:36:49,okazja-mieszkanie-na-zoliborzu-przy-stacji-metra-ID4qWzq,1 030 000 zł,Okazja mieszkanie na Zoliborzu przy stacji metra,"70,5 m²",,parter/4,spółdzielcze wł. prawo do lokalu,do zamieszkania,,,miejskie,https://www.otodom.pl/pl/oferta/okazja-mieszkanie-na-zoliborzu-przy-stacji-metra-ID4qWzq,"https://www.google.com/maps/@52.2616725,20.9829917,16z/data=!10m1!1e1!12b1?source=apiv3&rapsrc=apiv3"
2024-06-06 01:36:54,kawalerka-z-widna-kuchnia-28m-kamienica-z-winda-ID4qWzk,560 000 zł,Kawalerka z widną kuchnią 28m kamienica z windą,"28,17 m²",,4/5,pełna własność,do zamieszkania,,,,https://www.otodom.pl/pl/oferta/kawalerka-z-widna-kuchnia-28m-kamienica-z-winda-ID4qWzk,"https://www.google.com/maps/@52.23035,20.95499,15z/data=!10m1!1e1!12b1?source=apiv3&rapsrc=apiv3"
2024-06-06 01:36:58,segment-narozny-dwupozimowy-z-ogrodkiem-zabki-ID4qWzf,1 250 000 zł,Segment narożny dwupozimowy z ogródkiem- Ząbki,126 m²,,,,,,,,https://www.otodom.pl/pl/oferta/segment-narozny-dwupozimowy-z-ogrodkiem-zabki-ID4qWzf,"https://www.google.com/maps/@52.279178,21.112334,15z/data=!10m1!1e1!12b1?source=apiv3&rapsrc=apiv3"
2024-06-06 01:37:03,3-pok-ul-katy-grodziskie-z-duzym-ogrodkiem-ID4qWzh,865 000 zł,⭐️3-pok. ul. Kąty Grodziskie z dużym ogródkiem⭐️,"55,05 m²",,parter/3,,do zamieszkania,,,miejskie,https://www.otodom.pl/pl/oferta/3-pok-ul-katy-grodziskie-z-duzym-ogrodkiem-ID4qWzh,"https://www.google.com/maps/@52.326765,21.055797,15z/data=!10m1!1e1!12b1?source=apiv3&rapsrc=apiv3"
2024-06-06 01:37:08,kawalerka-balkon-parking-tarchomin-nowodwory-ID4lopR,400 000 zł,"Kawalerka+balkon+parking, Tarchomin, Nowodwory","27,3 m²",,8/9,pełna własność,do zamieszkania,,garaż/miejsce parkingowe,miejskie,https://www.otodom.pl/pl/oferta/kawalerka-balkon-parking-tarchomin-nowodwory-ID4lopR,"https://www.google.com/maps/@52.3320224,20.9357309,16z/data=!10m1!1e1!12b1?source=apiv3&rapsrc=apiv3"
2024-06-06 01:37:13,stylowe-3-pokojowe-mieszkanie-obok-galerii-mokotow-ID4qRlO,1 495 000 zł,Stylowe 3-pokojowe mieszkanie obok Galerii Mokotów,"62,3 m²",,4/6,pełna własność,do zamieszkania,,garaż/miejsce parkingowe,kotłownia,https://www.otodom.pl/pl/oferta/stylowe-3-pokojowe-mieszkanie-obok-galerii-mokotow-ID4qRlO,"https://www.google.com/maps/@52.174082,20.9970582,14z/data=!10m1!1e1!12b1?source=apiv3&rapsrc=apiv3"
2024-06-06 01:37:18,2-pokojowe-mieszkanie-na-mokotowie-obok-galerii-ID4qOpL,998 700 zł,"2 pokojowe mieszkanie na Mokotowie, obok Galerii","49,5 m²",,3/4,pełna własność,do zamieszkania,,garaż/miejsce parkingowe,,https://www.otodom.pl/pl/oferta/2-pokojowe-mieszkanie-na-mokotowie-obok-galerii-ID4qOpL,"https://www.google.com/maps/@52.1709861,20.9944779,14z/data=!10m1!1e1!12b1?source=apiv3&rapsrc=apiv3"
2024-06-06 01:37:23,przestronne-mieszkanie-na-zamknietym-osiedlu-ID4qK1e,550 000 zł,Przestronne mieszkanie na zamkniętym osiedlu,44 m²,,parter/3,pełna własność,do zamieszkania,,garaż/miejsce parkingowe,,https://www.otodom.pl/pl/oferta/przestronne-mieszkanie-na-zamknietym-osiedlu-ID4qK1e,"https://www.google.com/maps/@52.34462,20.94172,15z/data=!10m1!1e1!12b1?source=apiv3&rapsrc=apiv3"
2024-06-06 01:37:27,bezposrednio2-pokojebemowo-os-gorcemetro-ID4qap0,825 000 zł,"⭐BEZPOŚREDNIO⭐2 pokoje⭐Bemowo, os. Górce⭐Metro","50,9 m²",,1/9,pełna własność,do zamieszkania,,garaż/miejsce parkingowe,miejskie,https://www.otodom.pl/pl/oferta/bezposrednio2-pokojebemowo-os-gorcemetro-ID4qap0,"https://www.google.com/maps/@52.2418397,20.9203224,16z/data=!10m1!1e1!12b1?source=apiv3&rapsrc=apiv3"
2024-06-06 01:37:32,apartament-na-sprzedaz-77m2-wylacznosc-ID4qMOS,4 400 000 zł,Apartament Na Sprzedaż | 77M2 | Wyłączność,77 m²,,> 10/44,pełna własność,do zamieszkania,,garaż/miejsce parkingowe,,https://www.otodom.pl/pl/oferta/apartament-na-sprzedaz-77m2-wylacznosc-ID4qMOS,"https://www.google.com/maps/@52.2354,21.00009,15z/data=!10m1!1e1!12b1?source=apiv3&rapsrc=apiv3"
2024-06-06 01:37:37,zoliborz-mieszkanie-studio-na-sprzedaz-ID4q7vd,735 000 zł,Żoliborz mieszkanie Studio na Sprzedaż,32 m²,,1/3,,do zamieszkania,,,,https://www.otodom.pl/pl/oferta/zoliborz-mieszkanie-studio-na-sprzedaz-ID4q7vd,"https://www.google.com/maps/@52.26984,20.97539,15z/data=!10m1!1e1!12b1?source=apiv3&rapsrc=apiv3"
2024-06-06 01:37:41,minska-3-pok-67-m2-nowe-garaz-komorka-ID4qWyi,1 148 000 zł,"Mińska 3 pok.67 m2, nowe, garaż, komórka","67,53 m²",,2/5,pełna własność,do wykończenia,,garaż/miejsce parkingowe,miejskie,https://www.otodom.pl/pl/oferta/minska-3-pok-67-m2-nowe-garaz-komorka-ID4qWyi,"https://www.google.com/maps/@52.249702,21.0647818,15z/data=!10m1!1e1!12b1?source=apiv3&rapsrc=apiv3"
2024-06-06 01:37:46,loft-garden-wesola-etap-ii-ID4m4LM,1 077 000 zł,Loft Garden Wesoła - ETAP II,"82,87 m²",,,,,,garaż/miejsce parkingowe,,https://www.otodom.pl/pl/oferta/loft-garden-wesola-etap-ii-ID4m4LM,"https://www.google.com/maps/@52.24892,21.19751,14z/data=!10m1!1e1!12b1?source=apiv3&rapsrc=apiv3"
2024-06-06 01:37:51,apartament-w-cosmopolitan-wysokie-pietro-3bd-ID4qn09,11 000 000 zł,Apartament w Cosmopolitan | Wysokie Piętro | 3bd,160 m²,,> 10/44,,,,garaż/miejsce parkingowe,miejskie,https://www.otodom.pl/pl/oferta/apartament-w-cosmopolitan-wysokie-pietro-3bd-ID4qn09,"https://www.google.com/maps/@52.2342,21.00174,15z/data=!10m1!1e1!12b1?source=apiv3&rapsrc=apiv3"
2024-06-06 01:37:56,3-pokoje-gotowe-do-wejscia-loggia-14-m2-ID4qJU1,1 400 000 zł,3 pokoje/ gotowe do wejścia/loggia 14 m2,"63,81 m²",,1/3,pełna własność,,,garaż/miejsce parkingowe,miejskie,https://www.otodom.pl/pl/oferta/3-pokoje-gotowe-do-wejscia-loggia-14-m2-ID4qJU1,"https://www.google.com/maps/@52.15435,21.07339,15z/data=!10m1!1e1!12b1?source=apiv3&rapsrc=apiv3"
2024-06-06 01:38:01,perelka-w-kamienicy-110-m2-balkon-5-pietro-ID4qqdN,2 800 000 zł,Perełka w kamienicy / 110 m2 / balkon / 5 piętro,"109,5 m²",,5/6,pełna własność,do zamieszkania,,garaż/miejsce parkingowe,miejskie,https://www.otodom.pl/pl/oferta/perelka-w-kamienicy-110-m2-balkon-5-pietro-ID4qqdN,"https://www.google.com/maps/@52.2142208,21.0223452,15z/data=!10m1!1e1!12b1?source=apiv3&rapsrc=apiv3"
2024-06-06 01:38:11,na-sprzedaz-mieszkanie-3pokojowe-oddzielna-kuchnia-ID4qUzM,949 000 zł,Na Sprzedaż Mieszkanie 3pokojowe Oddzielna kuchnia,55 m²,,3/4,pełna własność,do zamieszkania,,,miejskie,https://www.otodom.pl/pl/oferta/na-sprzedaz-mieszkanie-3pokojowe-oddzielna-kuchnia-ID4qUzM,"https://www.google.com/maps/@52.2351604,20.9082108,14z/data=!10m1!1e1!12b1?source=apiv3&rapsrc=apiv3"
2024-06-06 01:38:16,bemowo-nowe-gotowe-na-juz-wykonczone-obok-metro-ID4qRCz,899 000 zł,"Bemowo NOWE gotowe na już, wykończone, obok metro","43,91 m²",,parter/4,pełna własność,do zamieszkania,,garaż/miejsce parkingowe,miejskie,https://www.otodom.pl/pl/oferta/bemowo-nowe-gotowe-na-juz-wykonczone-obok-metro-ID4qRCz,"https://www.google.com/maps/@52.2201448,20.8970821,14z/data=!10m1!1e1!12b1?source=apiv3&rapsrc=apiv3"
2024-06-06 01:38:21,2-pokoje-po-remoncie-w-kamienicy-na-starej-ochocie-ID4qz74,807 000 zł,2 Pokoje po remoncie w kamienicy na starej ochocie,39 m²,,4/5,pełna własność,do zamieszkania,,,miejskie,https://www.otodom.pl/pl/oferta/2-pokoje-po-remoncie-w-kamienicy-na-starej-ochocie-ID4qz74,"https://www.google.com/maps/@52.2140492,20.9776758,16z/data=!10m1!1e1!12b1?source=apiv3&rapsrc=apiv3"
2024-06-06 01:38:25,perelka-w-kamienicy-110-m2-balkon-5-pietro-ID4qqdN,2 800 000 zł,Perełka w kamienicy / 110 m2 / balkon / 5 piętro,"109,5 m²",,5/6,pełna własność,do zamieszkania,,garaż/miejsce parkingowe,miejskie,https://www.otodom.pl/pl/oferta/perelka-w-kamienicy-110-m2-balkon-5-pietro-ID4qqdN,"https://www.google.com/maps/@52.2142208,21.0223452,15z/data=!10m1!1e1!12b1?source=apiv3&rapsrc=apiv3"
2024-06-06 01:38:30,targowa-2-pok-46-4m2-rewelacyjna-lokalizacja-ID4qlds,650 000 zł,"Targowa - 2 pok. 46,4m2 - rewelacyjna lokalizacja","46,4 m²",,6/18,pełna własność,do remontu,,,miejskie,https://www.otodom.pl/pl/oferta/targowa-2-pok-46-4m2-rewelacyjna-lokalizacja-ID4qlds,"https://www.google.com/maps/@52.2516678,21.0387182,16z/data=!10m1!1e1!12b1?source=apiv3&rapsrc=apiv3"
2024-06-06 01:38:35,dwupoziomowe-wyjatkowe-wawer-ID4qOPw,790 000 zł,Dwupoziomowe | wyjątkowe | Wawer,62 m²,,3/3,pełna własność,,,garaż/miejsce parkingowe,miejskie,https://www.otodom.pl/pl/oferta/dwupoziomowe-wyjatkowe-wawer-ID4qOPw,"https://www.google.com/maps/@52.18522,21.1342,15z/data=!10m1!1e1!12b1?source=apiv3&rapsrc=apiv3"
2024-06-06 01:38:40,przestronne-z-balkonem-goclaw-ID4qHxL,1 190 000 zł,Przestronne | z balkonem | Gocław,82 m²,,3/3,pełna własność,do zamieszkania,,,,https://www.otodom.pl/pl/oferta/przestronne-z-balkonem-goclaw-ID4qHxL,"https://www.google.com/maps/@52.22735,21.10549,15z/data=!10m1!1e1!12b1?source=apiv3&rapsrc=apiv3"
2024-06-06 01:38:45,gotowiec-inwestycyjny-przy-nowym-swiecie-ID4quan,990 000 zł,Gotowiec Inwestycyjny | przy Nowym Świecie,"37,15 m²",,7/7,pełna własność,do zamieszkania,,,,https://www.otodom.pl/pl/oferta/gotowiec-inwestycyjny-przy-nowym-swiecie-ID4quan,"https://www.google.com/maps/@52.23477,21.01397,15z/data=!10m1!1e1!12b1?source=apiv3&rapsrc=apiv3"
2024-06-06 01:38:49,duze-2-pokoje-w-cenie-malego-mieszkania-ID4qWxI,609 000 zł,Duże 2 pokoje w cenie małego mieszkania,56 m²,,parter/4,pełna własność,do zamieszkania,,,miejskie,https://www.otodom.pl/pl/oferta/duze-2-pokoje-w-cenie-malego-mieszkania-ID4qWxI,"https://www.google.com/maps/@52.26307,21.14584,12z/data=!10m1!1e1!12b1?source=apiv3&rapsrc=apiv3"
2024-06-06 01:38:54,sloneczne-mieszkanie-52-9m2-w-dobrej-lokalizacji-ID4q7B8,548 000 zł,"Słoneczne mieszkanie 52,9m2 w dobrej lokalizacji","52,9 m²",,5/9,pełna własność,do zamieszkania,,,miejskie,https://www.otodom.pl/pl/oferta/sloneczne-mieszkanie-52-9m2-w-dobrej-lokalizacji-ID4q7B8,"https://www.google.com/maps/@52.3905709,20.923325,14z/data=!10m1!1e1!12b1?source=apiv3&rapsrc=apiv3"
2024-06-06 01:38:59,kawalerka-z-oddzielna-kuchnia-przy-samym-metrze-ID4qM3a,610 000 zł,Kawalerka z oddzielną kuchnią przy samym metrze,27 m²,,1/4,spółdzielcze wł. prawo do lokalu,do zamieszkania,,garaż/miejsce parkingowe,miejskie,https://www.otodom.pl/pl/oferta/kawalerka-z-oddzielna-kuchnia-przy-samym-metrze-ID4qM3a,"https://www.google.com/maps/@52.1877542,21.0173052,14z/data=!10m1!1e1!12b1?source=apiv3&rapsrc=apiv3"
2024-06-06 01:39:03,przestronne-2-pokoje-z-garderoba-nowa-cena-ID4qWxt,609 000 zł,Przestronne 2 pokoje z garderobą ** Nowa CENA !!,56 m²,,parter/4,pełna własność,do zamieszkania,,,miejskie,https://www.otodom.pl/pl/oferta/przestronne-2-pokoje-z-garderoba-nowa-cena-ID4qWxt,"https://www.google.com/maps/@52.28983,21.11357,12z/data=!10m1!1e1!12b1?source=apiv3&rapsrc=apiv3"
2024-06-06 01:39:09,5-pokojowe-mieszkanie-kabaty-ursynow-ID4qlcW,2 900 000 zł,5-pokojowe mieszkanie Kabaty Ursynów,157 m²,,1/2,pełna własność,do zamieszkania,,garaż/miejsce parkingowe,gazowe,https://www.otodom.pl/pl/oferta/5-pokojowe-mieszkanie-kabaty-ursynow-ID4qlcW,"https://www.google.com/maps/@52.1334105,21.0484161,16z/data=!10m1!1e1!12b1?source=apiv3&rapsrc=apiv3"
2024-06-06 01:39:14,3pok-w-kamienicy-na-st-bielanach-metro-ID4qCLa,1 059 999 zł,"3pok. w kamienicy na St. Bielanach, metro",47 m²,,3/4,pełna własność,do zamieszkania,,,miejskie,https://www.otodom.pl/pl/oferta/3pok-w-kamienicy-na-st-bielanach-metro-ID4qCLa,"https://www.google.com/maps/@52.2810169,20.9418605,16z/data=!10m1!1e1!12b1?source=apiv3&rapsrc=apiv3"
2024-06-06 01:39:18,piekne-trzypokojowe-mieszkanie-z-ogrodkiem-ID4plMB,1 690 000 zł,"Piękne, trzypokojowe mieszkanie z ogródkiem!","60,45 m²",,parter,pełna własność,do zamieszkania,,garaż/miejsce parkingowe,,https://www.otodom.pl/pl/oferta/piekne-trzypokojowe-mieszkanie-z-ogrodkiem-ID4plMB,"https://www.google.com/maps/@52.2565581,20.9643619,12z/data=!10m1!1e1!12b1?source=apiv3&rapsrc=apiv3"
2024-06-06 01:39:26,nowe-2-pokoje-royal-prywatna-strefa-fitness-sauna-ID4pGwW,990 000 zł,"Nowe 2 pokoje Royal prywatna strefa fitness, sauna","45,28 m²",,1/4,pełna własność,do zamieszkania,,,gazowe,https://www.otodom.pl/pl/oferta/nowe-2-pokoje-royal-prywatna-strefa-fitness-sauna-ID4pGwW,"https://www.google.com/maps/@52.1560823,21.0833294,12z/data=!10m1!1e1!12b1?source=apiv3&rapsrc=apiv3"
2024-06-06 01:39:30,spektakularny-apartament-na-wilanowie-ID4qMh1,2 790 000 zł,Spektakularny apartament na Wilanowie!,"135,62 m²",,,,do zamieszkania,,garaż/miejsce parkingowe,,https://www.otodom.pl/pl/oferta/spektakularny-apartament-na-wilanowie-ID4qMh1,"https://www.google.com/maps/@52.1704045,21.0716279,12z/data=!10m1!1e1!12b1?source=apiv3&rapsrc=apiv3"
2024-06-06 01:39:35,wyjatkowe-2-pokoje-z-ogrodkiem-hlonda-ID4qMih,695 000 zł,Wyjątkowe 2 pokoje z ogródkiem! Hlonda,35 m²,,parter/4,pełna własność,do zamieszkania,,,,https://www.otodom.pl/pl/oferta/wyjatkowe-2-pokoje-z-ogrodkiem-hlonda-ID4qMih,"https://www.google.com/maps/@52.158905,21.0664378,12z/data=!10m1!1e1!12b1?source=apiv3&rapsrc=apiv3"
2024-06-06 01:39:40,super-lokalizacja-blisko-metro-2-tarasy-ID4qshN,2 280 000 zł,"Super lokalizacja, blisko metro, 2 tarasy","109,2 m²",,7/7,,do zamieszkania,,garaż/miejsce parkingowe,miejskie,https://www.otodom.pl/pl/oferta/super-lokalizacja-blisko-metro-2-tarasy-ID4qshN,"https://www.google.com/maps/@52.18126,21.01737,15z/data=!10m1!1e1!12b1?source=apiv3&rapsrc=apiv3"
2024-06-06 01:39:45,kamienica-z-1913-dla-konesera-pieknych-wnetrz-3-4m-ID4qetT,1 740 000 zł,Kamienica z 1913 dla Konesera pięknych wnętrz 3.4m,"58,8 m²",,3/5,pełna własność,do zamieszkania,,,miejskie,https://www.otodom.pl/pl/oferta/kamienica-z-1913-dla-konesera-pieknych-wnetrz-3-4m-ID4qetT,"https://www.google.com/maps/@52.2552,21.04665,15z/data=!10m1!1e1!12b1?source=apiv3&rapsrc=apiv3"
2024-06-06 01:39:50,1-pokojowe-mieszkanie-32m2-loggia-bezposrednio-ID4fC1c,1 161 000 zł,1-pokojowe mieszkanie 32m2 + loggia Bezpośrednio,"32,89 m²",,> 10/16,pełna własność,do wykończenia,,garaż/miejsce parkingowe,,https://www.otodom.pl/pl/oferta/1-pokojowe-mieszkanie-32m2-loggia-bezposrednio-ID4fC1c,"https://www.google.com/maps/@52.2352583,20.994393,12z/data=!10m1!1e1!12b1?source=apiv3&rapsrc=apiv3"
2024-06-06 01:39:54,inwestycyjnie-67m2-z-najemca-w-cenrtrum-ID4qOJq,1 632 000 zł,Inwestycyjnie - 67m2 z najemcą - w cenrtrum,68 m²,,3/6,pełna własność,do zamieszkania,,,miejskie,https://www.otodom.pl/pl/oferta/inwestycyjnie-67m2-z-najemca-w-cenrtrum-ID4qOJq,"https://www.google.com/maps/@52.224968,21.012169,14z/data=!10m1!1e1!12b1?source=apiv3&rapsrc=apiv3"
2024-06-06 01:39:59,dom-wolnostojacy-100-kw-4-pokoje-ID4qWvG,1 398 000 zł,"Dom wolnostojący - 100 kw, 4 pokoje",100 m²,,parter,pełna własność,do zamieszkania,,garaż/miejsce parkingowe,elektryczne,https://www.otodom.pl/pl/oferta/dom-wolnostojacy-100-kw-4-pokoje-ID4qWvG,"https://www.google.com/maps/@52.1516891,21.1938941,14z/data=!10m1!1e1!12b1?source=apiv3&rapsrc=apiv3"
2024-06-06 01:40:04,wysmienita-srodmiejska-lokalizacja-ID4qWvM,1 185 000 zł,"Wyśmienita, śródmiejska lokalizacja!","45,17 m²",,parter/3,pełna własność,do remontu,,,miejskie,https://www.otodom.pl/pl/oferta/wysmienita-srodmiejska-lokalizacja-ID4qWvM,"https://www.google.com/maps/@52.2257689,21.0260328,15z/data=!10m1!1e1!12b1?source=apiv3&rapsrc=apiv3"
2024-06-06 01:40:08,kawalerka-balkon-ochota-ID4qWvA,585 000 zł,Kawalerka | Balkon | Ochota,26 m²,,7/8,pełna własność,do zamieszkania,,,miejskie,https://www.otodom.pl/pl/oferta/kawalerka-balkon-ochota-ID4qWvA,"https://www.google.com/maps/@52.2130634,20.9792001,14z/data=!10m1!1e1!12b1?source=apiv3&rapsrc=apiv3"
2024-06-06 01:40:13,ostrobramska-128-115-m2-2-poziomy-piwnica-ID4p6X4,1 580 000 zł,"Ostrobramska 128, 115 m2, 2 poziomy, piwnica",115 m²,,4/5,pełna własność,do zamieszkania,,garaż/miejsce parkingowe,miejskie,https://www.otodom.pl/pl/oferta/ostrobramska-128-115-m2-2-poziomy-piwnica-ID4p6X4,"https://www.google.com/maps/@52.2369406,21.0841386,14z/data=!10m1!1e1!12b1?source=apiv3&rapsrc=apiv3"
2024-06-06 01:40:18,3-pokojowe-mieszkanie-66m2-loggia-ID4nBYu,1 320 826 zł,3-pokojowe mieszkanie 66m2 + loggia,"66,26 m²",,1/4,pełna własność,do wykończenia,,garaż/miejsce parkingowe,,https://www.otodom.pl/pl/oferta/3-pokojowe-mieszkanie-66m2-loggia-ID4nBYu,"https://www.google.com/maps/@52.1581267,21.0830132,12z/data=!10m1!1e1!12b1?source=apiv3&rapsrc=apiv3"
2024-06-06 01:40:23,mieszkanie-na-sprzedaz-atlantis-zegrze-ID4pO96,899 999 zł,Mieszkanie na sprzedaż Atlantis Zegrze,"37,33 m²",,2,,,,,,https://www.otodom.pl/pl/oferta/mieszkanie-na-sprzedaz-atlantis-zegrze-ID4pO96,"https://www.google.com/maps/@52.45424,21.01285,13z/data=!10m1!1e1!12b1?source=apiv3&rapsrc=apiv3"
2024-06-06 01:40:28,okazja-cicha-okolica-do-zamieszkania-ID4oHtg,2 899 000 zł,Okazja| Cicha okolica| Do zamieszkania|,"103,07 m²",,2/4,pełna własność,do zamieszkania,,,miejskie,https://www.otodom.pl/pl/oferta/okazja-cicha-okolica-do-zamieszkania-ID4oHtg,"https://www.google.com/maps/@52.19696,21.02195,15z/data=!10m1!1e1!12b1?source=apiv3&rapsrc=apiv3"
2024-06-06 01:40:33,inwestycyjnie-centrum-kawalerka-pod-najem-ID4oJEP,650 000 zł,Inwestycyjnie | Centrum | Kawalerka | Pod najem,"20,13 m²",,parter/15,pełna własność,do zamieszkania,,,miejskie,https://www.otodom.pl/pl/oferta/inwestycyjnie-centrum-kawalerka-pod-najem-ID4oJEP,"https://www.google.com/maps/@52.23594,21.00768,15z/data=!10m1!1e1!12b1?source=apiv3&rapsrc=apiv3"
2024-06-06 01:40:38,apartament-4-pok-prestiz-park-ID4oLnC,4 200 000 zł,Apartament 4 pok.| Prestiż| Park,"145,87 m²",,2/4,pełna własność,do zamieszkania,,,miejskie,https://www.otodom.pl/pl/oferta/apartament-4-pok-prestiz-park-ID4oLnC,"https://www.google.com/maps/@52.19696,21.02195,15z/data=!10m1!1e1!12b1?source=apiv3&rapsrc=apiv3"
2024-06-06 01:40:42,kamienica-piekne-do-wejsci-ID4oIZG,1 829 000 zł,Kamienica| Piękne| Do wejści,"67,63 m²",,parter/4,pełna własność,do zamieszkania,,,miejskie,https://www.otodom.pl/pl/oferta/kamienica-piekne-do-wejsci-ID4oIZG,"https://www.google.com/maps/@52.19696,21.02195,15z/data=!10m1!1e1!12b1?source=apiv3&rapsrc=apiv3"
2024-06-06 01:40:47,kamienica-po-renowacji-okazja-ID4oM4b,4 400 000 zł,Kamienica po renowacji| Okazja,"149,33 m²",,3/4,pełna własność,do zamieszkania,,,miejskie,https://www.otodom.pl/pl/oferta/kamienica-po-renowacji-okazja-ID4oM4b,"https://www.google.com/maps/@52.19696,21.02195,15z/data=!10m1!1e1!12b1?source=apiv3&rapsrc=apiv3"
2024-06-06 01:40:52,2-pokoje-10-min-od-centrum-wola-ID4oAIJ,859 000 zł,2 pokoje | 10 min od centrum | Wola,"37,5 m²",,5/12,,do wykończenia,,garaż/miejsce parkingowe,miejskie,https://www.otodom.pl/pl/oferta/2-pokoje-10-min-od-centrum-wola-ID4oAIJ,"https://www.google.com/maps/@52.22706,20.95426,15z/data=!10m1!1e1!12b1?source=apiv3&rapsrc=apiv3"
2024-06-06 01:40:57,15-min-od-srodmiescia-2-pokoje-do-wejscia-ID4oD4X,889 000 zł,15 min od Śródmieścia | 2 pokoje | Do wejścia,"47,07 m²",,7/19,pełna własność,do zamieszkania,,garaż/miejsce parkingowe,miejskie,https://www.otodom.pl/pl/oferta/15-min-od-srodmiescia-2-pokoje-do-wejscia-ID4oD4X,"https://www.google.com/maps/@52.24309,21.0852,15z/data=!10m1!1e1!12b1?source=apiv3&rapsrc=apiv3"
2024-06-06 01:41:02,apartament-z-balkonem-3-strony-okazja-ID4oCZ1,1 999 999 zł,Apartament z balkonem|3 strony| Okazja,73 m²,,parter/4,pełna własność,do zamieszkania,,,miejskie,https://www.otodom.pl/pl/oferta/apartament-z-balkonem-3-strony-okazja-ID4oCZ1,"https://www.google.com/maps/@52.19696,21.02195,15z/data=!10m1!1e1!12b1?source=apiv3&rapsrc=apiv3"
2024-06-06 01:41:07,wysoki-standard-blisko-centrum-swietny-widok-ID4oFAB,1 050 000 zł,Wysoki standard | Blisko centrum | Świetny widok,"38,27 m²",,10/27,pełna własność,do zamieszkania,,,miejskie,https://www.otodom.pl/pl/oferta/wysoki-standard-blisko-centrum-swietny-widok-ID4oFAB,"https://www.google.com/maps/@52.22693,20.95561,15z/data=!10m1!1e1!12b1?source=apiv3&rapsrc=apiv3"
2024-06-06 01:41:11,niewielki-apartament-w-kamienicy-2-pok-ID4oHlJ,1 224 000 zł,Niewielki apartament w kamienicy |2 pok.,"44,63 m²",,parter/4,pełna własność,do zamieszkania,,,miejskie,https://www.otodom.pl/pl/oferta/niewielki-apartament-w-kamienicy-2-pok-ID4oHlJ,"https://www.google.com/maps/@52.19696,21.02195,15z/data=!10m1!1e1!12b1?source=apiv3&rapsrc=apiv3"
2024-06-06 01:41:16,mieszkanie-54m-z-ogrodkiem-ID4qM23,550 000 zł,Mieszkanie 54m z ogródkiem,54 m²,,parter/2,pełna własność,do wykończenia,,garaż/miejsce parkingowe,elektryczne,https://www.otodom.pl/pl/oferta/mieszkanie-54m-z-ogrodkiem-ID4qM23,"https://www.google.com/maps/@52.1686958,20.7695986,16z/data=!10m1!1e1!12b1?source=apiv3&rapsrc=apiv3"
